{
	"BUILD_DIR" : "C:/_MyFolder_C/Codding/winBuild/app/acs_model_for_experiments/build/Desktop_Qt_6_7_0_MinGW_64_bit-Release/ACS_MODEL_autogen",
	"CMAKE_BINARY_DIR" : "C:/_MyFolder_C/Codding/winBuild/app/acs_model_for_experiments/build/Desktop_Qt_6_7_0_MinGW_64_bit-Release",
	"CMAKE_CURRENT_BINARY_DIR" : "C:/_MyFolder_C/Codding/winBuild/app/acs_model_for_experiments/build/Desktop_Qt_6_7_0_MinGW_64_bit-Release",
	"CMAKE_CURRENT_SOURCE_DIR" : "C:/_MyFolder_C/Codding/winBuild/app/acs_model_for_experiments",
	"CMAKE_EXECUTABLE" : "C:/Qt/Tools/CMake_64/bin/cmake.exe",
	"CMAKE_LIST_FILES" : 
	[
		"C:/_MyFolder_C/Codding/winBuild/app/acs_model_for_experiments/CMakeLists.txt",
		"C:/_MyFolder_C/Codding/winBuild/app/acs_model_for_experiments/build/Desktop_Qt_6_7_0_MinGW_64_bit-Release/.qtc/package-manager/auto-setup.cmake",
		"C:/_MyFolder_C/Codding/winBuild/app/acs_model_for_experiments/build/Desktop_Qt_6_7_0_MinGW_64_bit-Release/CMakeFiles/3.27.7/CMakeSystem.cmake",
		"C:/Qt/Tools/CMake_64/share/cmake-3.27/Modules/CMakeSystemSpecificInitialize.cmake",
		"C:/Qt/Tools/CMake_64/share/cmake-3.27/Modules/Platform/Windows-Initialize.cmake",
		"C:/_MyFolder_C/Codding/winBuild/app/acs_model_for_experiments/build/Desktop_Qt_6_7_0_MinGW_64_bit-Release/CMakeFiles/3.27.7/CMakeCXXCompiler.cmake",
		"C:/Qt/Tools/CMake_64/share/cmake-3.27/Modules/CMakeSystemSpecificInformation.cmake",
		"C:/Qt/Tools/CMake_64/share/cmake-3.27/Modules/CMakeGenericSystem.cmake",
		"C:/Qt/Tools/CMake_64/share/cmake-3.27/Modules/CMakeInitializeConfigs.cmake",
		"C:/Qt/Tools/CMake_64/share/cmake-3.27/Modules/Platform/Windows.cmake",
		"C:/Qt/Tools/CMake_64/share/cmake-3.27/Modules/Platform/WindowsPaths.cmake",
		"C:/Qt/Tools/CMake_64/share/cmake-3.27/Modules/CMakeCXXInformation.cmake",
		"C:/Qt/Tools/CMake_64/share/cmake-3.27/Modules/CMakeLanguageInformation.cmake",
		"C:/Qt/Tools/CMake_64/share/cmake-3.27/Modules/Compiler/GNU-CXX.cmake",
		"C:/Qt/Tools/CMake_64/share/cmake-3.27/Modules/Compiler/GNU.cmake",
		"C:/Qt/Tools/CMake_64/share/cmake-3.27/Modules/Compiler/CMakeCommonCompilerMacros.cmake",
		"C:/Qt/Tools/CMake_64/share/cmake-3.27/Modules/Platform/Windows-GNU-CXX.cmake",
		"C:/Qt/Tools/CMake_64/share/cmake-3.27/Modules/Platform/Windows-GNU.cmake",
		"C:/_MyFolder_C/Codding/winBuild/app/acs_model_for_experiments/build/Desktop_Qt_6_7_0_MinGW_64_bit-Release/CMakeFiles/3.27.7/CMakeRCCompiler.cmake",
		"C:/Qt/Tools/CMake_64/share/cmake-3.27/Modules/CMakeRCInformation.cmake",
		"C:/Qt/Tools/CMake_64/share/cmake-3.27/Modules/Platform/Windows-windres.cmake",
		"C:/Qt/Tools/CMake_64/share/cmake-3.27/Modules/Platform/Windows-GNU-CXX-ABI.cmake",
		"C:/Qt/Tools/CMake_64/share/cmake-3.27/Modules/CMakeCommonLanguageInclude.cmake",
		"C:/Qt/6.7.0/mingw_64/lib/cmake/Qt6/Qt6ConfigVersion.cmake",
		"C:/Qt/6.7.0/mingw_64/lib/cmake/Qt6/Qt6ConfigVersionImpl.cmake",
		"C:/Qt/6.7.0/mingw_64/lib/cmake/Qt6/Qt6Config.cmake",
		"C:/Qt/6.7.0/mingw_64/lib/cmake/Qt6/Qt6ConfigExtras.cmake",
		"C:/Qt/6.7.0/mingw_64/lib/cmake/Qt6/QtPublicCMakeVersionHelpers.cmake",
		"C:/Qt/6.7.0/mingw_64/lib/cmake/Qt6/Qt6Targets.cmake",
		"C:/Qt/6.7.0/mingw_64/lib/cmake/Qt6/Qt6VersionlessTargets.cmake",
		"C:/Qt/6.7.0/mingw_64/lib/cmake/Qt6/QtFeature.cmake",
		"C:/Qt/Tools/CMake_64/share/cmake-3.27/Modules/CheckCXXCompilerFlag.cmake",
		"C:/Qt/Tools/CMake_64/share/cmake-3.27/Modules/Internal/CheckCompilerFlag.cmake",
		"C:/Qt/Tools/CMake_64/share/cmake-3.27/Modules/Internal/CheckFlagCommonConfig.cmake",
		"C:/Qt/Tools/CMake_64/share/cmake-3.27/Modules/Internal/CheckSourceCompiles.cmake",
		"C:/Qt/Tools/CMake_64/share/cmake-3.27/Modules/CMakeCheckCompilerFlagCommonPatterns.cmake",
		"C:/Qt/Tools/CMake_64/share/cmake-3.27/Modules/CheckCXXSourceCompiles.cmake",
		"C:/Qt/Tools/CMake_64/share/cmake-3.27/Modules/Internal/CheckSourceCompiles.cmake",
		"C:/Qt/6.7.0/mingw_64/lib/cmake/Qt6/QtFeatureCommon.cmake",
		"C:/Qt/6.7.0/mingw_64/lib/cmake/Qt6/QtPublicAppleHelpers.cmake",
		"C:/Qt/6.7.0/mingw_64/lib/cmake/Qt6/QtPublicCMakeHelpers.cmake",
		"C:/Qt/6.7.0/mingw_64/lib/cmake/Qt6/QtPublicCMakeVersionHelpers.cmake",
		"C:/Qt/6.7.0/mingw_64/lib/cmake/Qt6/QtPublicDependencyHelpers.cmake",
		"C:/Qt/6.7.0/mingw_64/lib/cmake/Qt6/QtPublicExternalProjectHelpers.cmake",
		"C:/Qt/6.7.0/mingw_64/lib/cmake/Qt6/QtPublicFinalizerHelpers.cmake",
		"C:/Qt/6.7.0/mingw_64/lib/cmake/Qt6/QtPublicFindPackageHelpers.cmake",
		"C:/Qt/6.7.0/mingw_64/lib/cmake/Qt6/QtPublicPluginHelpers.cmake",
		"C:/Qt/6.7.0/mingw_64/lib/cmake/Qt6/QtPublicTargetHelpers.cmake",
		"C:/Qt/6.7.0/mingw_64/lib/cmake/Qt6/QtPublicTestHelpers.cmake",
		"C:/Qt/6.7.0/mingw_64/lib/cmake/Qt6/QtPublicToolHelpers.cmake",
		"C:/Qt/6.7.0/mingw_64/lib/cmake/Qt6/QtPublicWalkLibsHelpers.cmake",
		"C:/Qt/Tools/CMake_64/share/cmake-3.27/Modules/CMakeFindDependencyMacro.cmake",
		"C:/Qt/6.7.0/mingw_64/lib/cmake/Qt6/Qt6Dependencies.cmake",
		"C:/Qt/Tools/CMake_64/share/cmake-3.27/Modules/FindThreads.cmake",
		"C:/Qt/Tools/CMake_64/share/cmake-3.27/Modules/CheckLibraryExists.cmake",
		"C:/Qt/Tools/CMake_64/share/cmake-3.27/Modules/CheckIncludeFileCXX.cmake",
		"C:/Qt/Tools/CMake_64/share/cmake-3.27/Modules/CheckCXXSourceCompiles.cmake",
		"C:/Qt/Tools/CMake_64/share/cmake-3.27/Modules/FindPackageHandleStandardArgs.cmake",
		"C:/Qt/Tools/CMake_64/share/cmake-3.27/Modules/FindPackageMessage.cmake",
		"C:/Qt/6.7.0/mingw_64/lib/cmake/Qt6Widgets/Qt6WidgetsConfigVersion.cmake",
		"C:/Qt/6.7.0/mingw_64/lib/cmake/Qt6Widgets/Qt6WidgetsConfigVersionImpl.cmake",
		"C:/Qt/6.7.0/mingw_64/lib/cmake/Qt6Widgets/Qt6WidgetsConfig.cmake",
		"C:/Qt/Tools/CMake_64/share/cmake-3.27/Modules/CMakeFindDependencyMacro.cmake",
		"C:/Qt/6.7.0/mingw_64/lib/cmake/Qt6Widgets/Qt6WidgetsDependencies.cmake",
		"C:/Qt/6.7.0/mingw_64/lib/cmake/Qt6WidgetsTools/Qt6WidgetsToolsConfigVersion.cmake",
		"C:/Qt/6.7.0/mingw_64/lib/cmake/Qt6WidgetsTools/Qt6WidgetsToolsConfigVersionImpl.cmake",
		"C:/Qt/6.7.0/mingw_64/lib/cmake/Qt6WidgetsTools/Qt6WidgetsToolsConfig.cmake",
		"C:/Qt/Tools/CMake_64/share/cmake-3.27/Modules/CMakeFindDependencyMacro.cmake",
		"C:/Qt/6.7.0/mingw_64/lib/cmake/Qt6WidgetsTools/Qt6WidgetsToolsDependencies.cmake",
		"C:/Qt/6.7.0/mingw_64/lib/cmake/Qt6CoreTools/Qt6CoreToolsConfigVersion.cmake",
		"C:/Qt/6.7.0/mingw_64/lib/cmake/Qt6CoreTools/Qt6CoreToolsConfigVersionImpl.cmake",
		"C:/Qt/6.7.0/mingw_64/lib/cmake/Qt6CoreTools/Qt6CoreToolsConfig.cmake",
		"C:/Qt/Tools/CMake_64/share/cmake-3.27/Modules/CMakeFindDependencyMacro.cmake",
		"C:/Qt/6.7.0/mingw_64/lib/cmake/Qt6CoreTools/Qt6CoreToolsDependencies.cmake",
		"C:/Qt/6.7.0/mingw_64/lib/cmake/Qt6CoreTools/Qt6CoreToolsTargets.cmake",
		"C:/Qt/6.7.0/mingw_64/lib/cmake/Qt6CoreTools/Qt6CoreToolsTargets-relwithdebinfo.cmake",
		"C:/Qt/6.7.0/mingw_64/lib/cmake/Qt6CoreTools/Qt6CoreToolsAdditionalTargetInfo.cmake",
		"C:/Qt/6.7.0/mingw_64/lib/cmake/Qt6CoreTools/Qt6CoreToolsVersionlessTargets.cmake",
		"C:/Qt/6.7.0/mingw_64/lib/cmake/Qt6GuiTools/Qt6GuiToolsConfigVersion.cmake",
		"C:/Qt/6.7.0/mingw_64/lib/cmake/Qt6GuiTools/Qt6GuiToolsConfigVersionImpl.cmake",
		"C:/Qt/6.7.0/mingw_64/lib/cmake/Qt6GuiTools/Qt6GuiToolsConfig.cmake",
		"C:/Qt/Tools/CMake_64/share/cmake-3.27/Modules/CMakeFindDependencyMacro.cmake",
		"C:/Qt/6.7.0/mingw_64/lib/cmake/Qt6GuiTools/Qt6GuiToolsDependencies.cmake",
		"C:/Qt/6.7.0/mingw_64/lib/cmake/Qt6GuiTools/Qt6GuiToolsTargets.cmake",
		"C:/Qt/6.7.0/mingw_64/lib/cmake/Qt6GuiTools/Qt6GuiToolsTargets-relwithdebinfo.cmake",
		"C:/Qt/6.7.0/mingw_64/lib/cmake/Qt6GuiTools/Qt6GuiToolsAdditionalTargetInfo.cmake",
		"C:/Qt/6.7.0/mingw_64/lib/cmake/Qt6GuiTools/Qt6GuiToolsVersionlessTargets.cmake",
		"C:/Qt/6.7.0/mingw_64/lib/cmake/Qt6WidgetsTools/Qt6WidgetsToolsTargets.cmake",
		"C:/Qt/6.7.0/mingw_64/lib/cmake/Qt6WidgetsTools/Qt6WidgetsToolsTargets-relwithdebinfo.cmake",
		"C:/Qt/6.7.0/mingw_64/lib/cmake/Qt6WidgetsTools/Qt6WidgetsToolsAdditionalTargetInfo.cmake",
		"C:/Qt/6.7.0/mingw_64/lib/cmake/Qt6WidgetsTools/Qt6WidgetsToolsVersionlessTargets.cmake",
		"C:/Qt/6.7.0/mingw_64/lib/cmake/Qt6Core/Qt6CoreConfigVersion.cmake",
		"C:/Qt/6.7.0/mingw_64/lib/cmake/Qt6Core/Qt6CoreConfigVersionImpl.cmake",
		"C:/Qt/6.7.0/mingw_64/lib/cmake/Qt6Core/Qt6CoreConfig.cmake",
		"C:/Qt/Tools/CMake_64/share/cmake-3.27/Modules/CMakeFindDependencyMacro.cmake",
		"C:/Qt/6.7.0/mingw_64/lib/cmake/Qt6Core/Qt6CoreDependencies.cmake",
		"C:/Qt/6.7.0/mingw_64/lib/cmake/Qt6/FindWrapAtomic.cmake",
		"C:/Qt/Tools/CMake_64/share/cmake-3.27/Modules/CheckCXXSourceCompiles.cmake",
		"C:/Qt/Tools/CMake_64/share/cmake-3.27/Modules/FindPackageHandleStandardArgs.cmake",
		"C:/Qt/Tools/CMake_64/share/cmake-3.27/Modules/FindPackageMessage.cmake",
		"C:/Qt/6.7.0/mingw_64/lib/cmake/Qt6CoreTools/Qt6CoreToolsConfigVersion.cmake",
		"C:/Qt/6.7.0/mingw_64/lib/cmake/Qt6CoreTools/Qt6CoreToolsConfigVersionImpl.cmake",
		"C:/Qt/6.7.0/mingw_64/lib/cmake/Qt6CoreTools/Qt6CoreToolsConfig.cmake",
		"C:/Qt/Tools/CMake_64/share/cmake-3.27/Modules/CMakeFindDependencyMacro.cmake",
		"C:/Qt/6.7.0/mingw_64/lib/cmake/Qt6CoreTools/Qt6CoreToolsDependencies.cmake",
		"C:/Qt/6.7.0/mingw_64/lib/cmake/Qt6CoreTools/Qt6CoreToolsTargets.cmake",
		"C:/Qt/6.7.0/mingw_64/lib/cmake/Qt6CoreTools/Qt6CoreToolsAdditionalTargetInfo.cmake",
		"C:/Qt/6.7.0/mingw_64/lib/cmake/Qt6CoreTools/Qt6CoreToolsVersionlessTargets.cmake",
		"C:/Qt/6.7.0/mingw_64/lib/cmake/Qt6ZlibPrivate/Qt6ZlibPrivateConfigVersion.cmake",
		"C:/Qt/6.7.0/mingw_64/lib/cmake/Qt6ZlibPrivate/Qt6ZlibPrivateConfigVersionImpl.cmake",
		"C:/Qt/6.7.0/mingw_64/lib/cmake/Qt6ZlibPrivate/Qt6ZlibPrivateConfig.cmake",
		"C:/Qt/Tools/CMake_64/share/cmake-3.27/Modules/CMakeFindDependencyMacro.cmake",
		"C:/Qt/6.7.0/mingw_64/lib/cmake/Qt6ZlibPrivate/Qt6ZlibPrivateTargets.cmake",
		"C:/Qt/6.7.0/mingw_64/lib/cmake/Qt6ZlibPrivate/Qt6ZlibPrivateAdditionalTargetInfo.cmake",
		"C:/Qt/6.7.0/mingw_64/lib/cmake/Qt6ZlibPrivate/Qt6ZlibPrivateVersionlessTargets.cmake",
		"C:/Qt/6.7.0/mingw_64/lib/cmake/Qt6EntryPointPrivate/Qt6EntryPointPrivateConfigVersion.cmake",
		"C:/Qt/6.7.0/mingw_64/lib/cmake/Qt6EntryPointPrivate/Qt6EntryPointPrivateConfigVersionImpl.cmake",
		"C:/Qt/6.7.0/mingw_64/lib/cmake/Qt6EntryPointPrivate/Qt6EntryPointPrivateConfig.cmake",
		"C:/Qt/Tools/CMake_64/share/cmake-3.27/Modules/CMakeFindDependencyMacro.cmake",
		"C:/Qt/6.7.0/mingw_64/lib/cmake/Qt6EntryPointPrivate/Qt6EntryPointPrivateTargets.cmake",
		"C:/Qt/6.7.0/mingw_64/lib/cmake/Qt6EntryPointPrivate/Qt6EntryPointPrivateTargets-relwithdebinfo.cmake",
		"C:/Qt/6.7.0/mingw_64/lib/cmake/Qt6EntryPointPrivate/Qt6EntryPointPrivateAdditionalTargetInfo.cmake",
		"C:/Qt/6.7.0/mingw_64/lib/cmake/Qt6EntryPointPrivate/Qt6EntryPointPrivateVersionlessTargets.cmake",
		"C:/Qt/6.7.0/mingw_64/lib/cmake/Qt6EntryPointPrivate/Qt6EntryPointMinGW32Target.cmake",
		"C:/Qt/6.7.0/mingw_64/lib/cmake/Qt6Core/Qt6CoreTargets.cmake",
		"C:/Qt/6.7.0/mingw_64/lib/cmake/Qt6Core/Qt6CoreTargets-relwithdebinfo.cmake",
		"C:/Qt/6.7.0/mingw_64/lib/cmake/Qt6Core/Qt6CoreAdditionalTargetInfo.cmake",
		"C:/Qt/6.7.0/mingw_64/lib/cmake/Qt6Core/Qt6CoreVersionlessTargets.cmake",
		"C:/Qt/6.7.0/mingw_64/lib/cmake/Qt6Core/Qt6CoreMacros.cmake",
		"C:/Qt/6.7.0/mingw_64/lib/cmake/Qt6Core/Qt6CoreConfigExtras.cmake",
		"C:/Qt/6.7.0/mingw_64/lib/cmake/Qt6Core/QtInstallPaths.cmake",
		"C:/Qt/Tools/CMake_64/share/cmake-3.27/Modules/GNUInstallDirs.cmake",
		"C:/Qt/6.7.0/mingw_64/lib/cmake/Qt6Gui/Qt6GuiConfigVersion.cmake",
		"C:/Qt/6.7.0/mingw_64/lib/cmake/Qt6Gui/Qt6GuiConfigVersionImpl.cmake",
		"C:/Qt/6.7.0/mingw_64/lib/cmake/Qt6Gui/Qt6GuiConfig.cmake",
		"C:/Qt/Tools/CMake_64/share/cmake-3.27/Modules/CMakeFindDependencyMacro.cmake",
		"C:/Qt/6.7.0/mingw_64/lib/cmake/Qt6Gui/Qt6GuiDependencies.cmake",
		"C:/Qt/6.7.0/mingw_64/lib/cmake/Qt6/FindWrapVulkanHeaders.cmake",
		"C:/Qt/Tools/CMake_64/share/cmake-3.27/Modules/FindVulkan.cmake",
		"C:/Qt/Tools/CMake_64/share/cmake-3.27/Modules/FindPackageHandleStandardArgs.cmake",
		"C:/Qt/Tools/CMake_64/share/cmake-3.27/Modules/FindPackageMessage.cmake",
		"C:/Qt/Tools/CMake_64/share/cmake-3.27/Modules/FindPackageHandleStandardArgs.cmake",
		"C:/Qt/Tools/CMake_64/share/cmake-3.27/Modules/FindPackageMessage.cmake",
		"C:/Qt/6.7.0/mingw_64/lib/cmake/Qt6GuiTools/Qt6GuiToolsConfigVersion.cmake",
		"C:/Qt/6.7.0/mingw_64/lib/cmake/Qt6GuiTools/Qt6GuiToolsConfigVersionImpl.cmake",
		"C:/Qt/6.7.0/mingw_64/lib/cmake/Qt6GuiTools/Qt6GuiToolsConfig.cmake",
		"C:/Qt/Tools/CMake_64/share/cmake-3.27/Modules/CMakeFindDependencyMacro.cmake",
		"C:/Qt/6.7.0/mingw_64/lib/cmake/Qt6GuiTools/Qt6GuiToolsDependencies.cmake",
		"C:/Qt/6.7.0/mingw_64/lib/cmake/Qt6GuiTools/Qt6GuiToolsTargets.cmake",
		"C:/Qt/6.7.0/mingw_64/lib/cmake/Qt6GuiTools/Qt6GuiToolsAdditionalTargetInfo.cmake",
		"C:/Qt/6.7.0/mingw_64/lib/cmake/Qt6GuiTools/Qt6GuiToolsVersionlessTargets.cmake",
		"C:/Qt/6.7.0/mingw_64/lib/cmake/Qt6Gui/Qt6GuiTargets.cmake",
		"C:/Qt/6.7.0/mingw_64/lib/cmake/Qt6Gui/Qt6GuiTargets-relwithdebinfo.cmake",
		"C:/Qt/6.7.0/mingw_64/lib/cmake/Qt6Gui/Qt6GuiAdditionalTargetInfo.cmake",
		"C:/Qt/6.7.0/mingw_64/lib/cmake/Qt6Gui/Qt6GuiVersionlessTargets.cmake",
		"C:/Qt/6.7.0/mingw_64/lib/cmake/Qt6Gui/Qt6GuiPlugins.cmake",
		"C:/Qt/6.7.0/mingw_64/lib/cmake/Qt6Gui/Qt6QGifPluginConfig.cmake",
		"C:/Qt/Tools/CMake_64/share/cmake-3.27/Modules/CMakeFindDependencyMacro.cmake",
		"C:/Qt/6.7.0/mingw_64/lib/cmake/Qt6Gui/Qt6QGifPluginTargets.cmake",
		"C:/Qt/6.7.0/mingw_64/lib/cmake/Qt6Gui/Qt6QGifPluginTargets-relwithdebinfo.cmake",
		"C:/Qt/6.7.0/mingw_64/lib/cmake/Qt6Gui/Qt6QGifPluginAdditionalTargetInfo.cmake",
		"C:/Qt/6.7.0/mingw_64/lib/cmake/Qt6Gui/Qt6QICOPluginConfig.cmake",
		"C:/Qt/Tools/CMake_64/share/cmake-3.27/Modules/CMakeFindDependencyMacro.cmake",
		"C:/Qt/6.7.0/mingw_64/lib/cmake/Qt6Gui/Qt6QICOPluginTargets.cmake",
		"C:/Qt/6.7.0/mingw_64/lib/cmake/Qt6Gui/Qt6QICOPluginTargets-relwithdebinfo.cmake",
		"C:/Qt/6.7.0/mingw_64/lib/cmake/Qt6Gui/Qt6QICOPluginAdditionalTargetInfo.cmake",
		"C:/Qt/6.7.0/mingw_64/lib/cmake/Qt6Gui/Qt6QJpegPluginConfig.cmake",
		"C:/Qt/Tools/CMake_64/share/cmake-3.27/Modules/CMakeFindDependencyMacro.cmake",
		"C:/Qt/6.7.0/mingw_64/lib/cmake/Qt6Gui/Qt6QJpegPluginTargets.cmake",
		"C:/Qt/6.7.0/mingw_64/lib/cmake/Qt6Gui/Qt6QJpegPluginTargets-relwithdebinfo.cmake",
		"C:/Qt/6.7.0/mingw_64/lib/cmake/Qt6Gui/Qt6QJpegPluginAdditionalTargetInfo.cmake",
		"C:/Qt/6.7.0/mingw_64/lib/cmake/Qt6Gui/Qt6QMinimalIntegrationPluginConfig.cmake",
		"C:/Qt/Tools/CMake_64/share/cmake-3.27/Modules/CMakeFindDependencyMacro.cmake",
		"C:/Qt/6.7.0/mingw_64/lib/cmake/Qt6Gui/Qt6QMinimalIntegrationPluginTargets.cmake",
		"C:/Qt/6.7.0/mingw_64/lib/cmake/Qt6Gui/Qt6QMinimalIntegrationPluginTargets-relwithdebinfo.cmake",
		"C:/Qt/6.7.0/mingw_64/lib/cmake/Qt6Gui/Qt6QMinimalIntegrationPluginAdditionalTargetInfo.cmake",
		"C:/Qt/6.7.0/mingw_64/lib/cmake/Qt6Gui/Qt6QOffscreenIntegrationPluginConfig.cmake",
		"C:/Qt/Tools/CMake_64/share/cmake-3.27/Modules/CMakeFindDependencyMacro.cmake",
		"C:/Qt/6.7.0/mingw_64/lib/cmake/Qt6Gui/Qt6QOffscreenIntegrationPluginTargets.cmake",
		"C:/Qt/6.7.0/mingw_64/lib/cmake/Qt6Gui/Qt6QOffscreenIntegrationPluginTargets-relwithdebinfo.cmake",
		"C:/Qt/6.7.0/mingw_64/lib/cmake/Qt6Gui/Qt6QOffscreenIntegrationPluginAdditionalTargetInfo.cmake",
		"C:/Qt/6.7.0/mingw_64/lib/cmake/Qt6Gui/Qt6QSvgIconPluginConfig.cmake",
		"C:/Qt/Tools/CMake_64/share/cmake-3.27/Modules/CMakeFindDependencyMacro.cmake",
		"C:/Qt/6.7.0/mingw_64/lib/cmake/Qt6Gui/Qt6QSvgIconPluginTargets.cmake",
		"C:/Qt/6.7.0/mingw_64/lib/cmake/Qt6Gui/Qt6QSvgIconPluginTargets-relwithdebinfo.cmake",
		"C:/Qt/6.7.0/mingw_64/lib/cmake/Qt6Gui/Qt6QSvgIconPluginAdditionalTargetInfo.cmake",
		"C:/Qt/6.7.0/mingw_64/lib/cmake/Qt6Gui/Qt6QSvgPluginConfig.cmake",
		"C:/Qt/Tools/CMake_64/share/cmake-3.27/Modules/CMakeFindDependencyMacro.cmake",
		"C:/Qt/6.7.0/mingw_64/lib/cmake/Qt6Gui/Qt6QSvgPluginTargets.cmake",
		"C:/Qt/6.7.0/mingw_64/lib/cmake/Qt6Gui/Qt6QSvgPluginTargets-relwithdebinfo.cmake",
		"C:/Qt/6.7.0/mingw_64/lib/cmake/Qt6Gui/Qt6QSvgPluginAdditionalTargetInfo.cmake",
		"C:/Qt/6.7.0/mingw_64/lib/cmake/Qt6Gui/Qt6QTuioTouchPluginConfig.cmake",
		"C:/Qt/Tools/CMake_64/share/cmake-3.27/Modules/CMakeFindDependencyMacro.cmake",
		"C:/Qt/6.7.0/mingw_64/lib/cmake/Qt6Gui/Qt6QTuioTouchPluginTargets.cmake",
		"C:/Qt/6.7.0/mingw_64/lib/cmake/Qt6Gui/Qt6QTuioTouchPluginTargets-relwithdebinfo.cmake",
		"C:/Qt/6.7.0/mingw_64/lib/cmake/Qt6Gui/Qt6QTuioTouchPluginAdditionalTargetInfo.cmake",
		"C:/Qt/6.7.0/mingw_64/lib/cmake/Qt6Gui/Qt6QWindowsDirect2DIntegrationPluginConfig.cmake",
		"C:/Qt/Tools/CMake_64/share/cmake-3.27/Modules/CMakeFindDependencyMacro.cmake",
		"C:/Qt/6.7.0/mingw_64/lib/cmake/Qt6Gui/Qt6QWindowsDirect2DIntegrationPluginTargets.cmake",
		"C:/Qt/6.7.0/mingw_64/lib/cmake/Qt6Gui/Qt6QWindowsDirect2DIntegrationPluginTargets-relwithdebinfo.cmake",
		"C:/Qt/6.7.0/mingw_64/lib/cmake/Qt6Gui/Qt6QWindowsDirect2DIntegrationPluginAdditionalTargetInfo.cmake",
		"C:/Qt/6.7.0/mingw_64/lib/cmake/Qt6Gui/Qt6QWindowsIntegrationPluginConfig.cmake",
		"C:/Qt/Tools/CMake_64/share/cmake-3.27/Modules/CMakeFindDependencyMacro.cmake",
		"C:/Qt/6.7.0/mingw_64/lib/cmake/Qt6Gui/Qt6QWindowsIntegrationPluginTargets.cmake",
		"C:/Qt/6.7.0/mingw_64/lib/cmake/Qt6Gui/Qt6QWindowsIntegrationPluginTargets-relwithdebinfo.cmake",
		"C:/Qt/6.7.0/mingw_64/lib/cmake/Qt6Gui/Qt6QWindowsIntegrationPluginAdditionalTargetInfo.cmake",
		"C:/Qt/6.7.0/mingw_64/lib/cmake/Qt6Widgets/Qt6WidgetsTargets.cmake",
		"C:/Qt/6.7.0/mingw_64/lib/cmake/Qt6Widgets/Qt6WidgetsTargets-relwithdebinfo.cmake",
		"C:/Qt/6.7.0/mingw_64/lib/cmake/Qt6Widgets/Qt6WidgetsAdditionalTargetInfo.cmake",
		"C:/Qt/6.7.0/mingw_64/lib/cmake/Qt6Widgets/Qt6WidgetsVersionlessTargets.cmake",
		"C:/Qt/6.7.0/mingw_64/lib/cmake/Qt6Widgets/Qt6WidgetsMacros.cmake",
		"C:/Qt/6.7.0/mingw_64/lib/cmake/Qt6Widgets/Qt6WidgetsPlugins.cmake",
		"C:/Qt/6.7.0/mingw_64/lib/cmake/Qt6Widgets/Qt6QModernWindowsStylePluginConfig.cmake",
		"C:/Qt/Tools/CMake_64/share/cmake-3.27/Modules/CMakeFindDependencyMacro.cmake",
		"C:/Qt/6.7.0/mingw_64/lib/cmake/Qt6Widgets/Qt6QModernWindowsStylePluginTargets.cmake",
		"C:/Qt/6.7.0/mingw_64/lib/cmake/Qt6Widgets/Qt6QModernWindowsStylePluginTargets-relwithdebinfo.cmake",
		"C:/Qt/6.7.0/mingw_64/lib/cmake/Qt6Widgets/Qt6QModernWindowsStylePluginAdditionalTargetInfo.cmake",
		"C:/Qt/6.7.0/mingw_64/lib/cmake/Qt6/Qt6ConfigVersion.cmake",
		"C:/Qt/6.7.0/mingw_64/lib/cmake/Qt6/Qt6ConfigVersionImpl.cmake",
		"C:/Qt/6.7.0/mingw_64/lib/cmake/Qt6/Qt6Config.cmake",
		"C:/Qt/6.7.0/mingw_64/lib/cmake/Qt6/Qt6ConfigExtras.cmake",
		"C:/Qt/6.7.0/mingw_64/lib/cmake/Qt6/QtPublicCMakeVersionHelpers.cmake",
		"C:/Qt/6.7.0/mingw_64/lib/cmake/Qt6/Qt6Targets.cmake",
		"C:/Qt/6.7.0/mingw_64/lib/cmake/Qt6/Qt6VersionlessTargets.cmake",
		"C:/Qt/6.7.0/mingw_64/lib/cmake/Qt6/QtFeature.cmake",
		"C:/Qt/Tools/CMake_64/share/cmake-3.27/Modules/CheckCXXCompilerFlag.cmake",
		"C:/Qt/6.7.0/mingw_64/lib/cmake/Qt6/QtFeatureCommon.cmake",
		"C:/Qt/6.7.0/mingw_64/lib/cmake/Qt6/QtPublicAppleHelpers.cmake",
		"C:/Qt/6.7.0/mingw_64/lib/cmake/Qt6/QtPublicCMakeHelpers.cmake",
		"C:/Qt/6.7.0/mingw_64/lib/cmake/Qt6/QtPublicCMakeVersionHelpers.cmake",
		"C:/Qt/6.7.0/mingw_64/lib/cmake/Qt6/QtPublicDependencyHelpers.cmake",
		"C:/Qt/6.7.0/mingw_64/lib/cmake/Qt6/QtPublicExternalProjectHelpers.cmake",
		"C:/Qt/6.7.0/mingw_64/lib/cmake/Qt6/QtPublicFinalizerHelpers.cmake",
		"C:/Qt/6.7.0/mingw_64/lib/cmake/Qt6/QtPublicFindPackageHelpers.cmake",
		"C:/Qt/6.7.0/mingw_64/lib/cmake/Qt6/QtPublicPluginHelpers.cmake",
		"C:/Qt/6.7.0/mingw_64/lib/cmake/Qt6/QtPublicTargetHelpers.cmake",
		"C:/Qt/6.7.0/mingw_64/lib/cmake/Qt6/QtPublicTestHelpers.cmake",
		"C:/Qt/6.7.0/mingw_64/lib/cmake/Qt6/QtPublicToolHelpers.cmake",
		"C:/Qt/6.7.0/mingw_64/lib/cmake/Qt6/QtPublicWalkLibsHelpers.cmake",
		"C:/Qt/Tools/CMake_64/share/cmake-3.27/Modules/CMakeFindDependencyMacro.cmake",
		"C:/Qt/6.7.0/mingw_64/lib/cmake/Qt6/Qt6Dependencies.cmake",
		"C:/Qt/6.7.0/mingw_64/lib/cmake/Qt6Charts/Qt6ChartsConfigVersion.cmake",
		"C:/Qt/6.7.0/mingw_64/lib/cmake/Qt6Charts/Qt6ChartsConfigVersionImpl.cmake",
		"C:/Qt/6.7.0/mingw_64/lib/cmake/Qt6Charts/Qt6ChartsConfig.cmake",
		"C:/Qt/Tools/CMake_64/share/cmake-3.27/Modules/CMakeFindDependencyMacro.cmake",
		"C:/Qt/6.7.0/mingw_64/lib/cmake/Qt6Charts/Qt6ChartsDependencies.cmake",
		"C:/Qt/6.7.0/mingw_64/lib/cmake/Qt6OpenGL/Qt6OpenGLConfigVersion.cmake",
		"C:/Qt/6.7.0/mingw_64/lib/cmake/Qt6OpenGL/Qt6OpenGLConfigVersionImpl.cmake",
		"C:/Qt/6.7.0/mingw_64/lib/cmake/Qt6OpenGL/Qt6OpenGLConfig.cmake",
		"C:/Qt/Tools/CMake_64/share/cmake-3.27/Modules/CMakeFindDependencyMacro.cmake",
		"C:/Qt/6.7.0/mingw_64/lib/cmake/Qt6OpenGL/Qt6OpenGLDependencies.cmake",
		"C:/Qt/6.7.0/mingw_64/lib/cmake/Qt6/FindWrapVulkanHeaders.cmake",
		"C:/Qt/Tools/CMake_64/share/cmake-3.27/Modules/FindVulkan.cmake",
		"C:/Qt/Tools/CMake_64/share/cmake-3.27/Modules/FindPackageHandleStandardArgs.cmake",
		"C:/Qt/Tools/CMake_64/share/cmake-3.27/Modules/FindPackageMessage.cmake",
		"C:/Qt/Tools/CMake_64/share/cmake-3.27/Modules/FindPackageHandleStandardArgs.cmake",
		"C:/Qt/Tools/CMake_64/share/cmake-3.27/Modules/FindPackageMessage.cmake",
		"C:/Qt/6.7.0/mingw_64/lib/cmake/Qt6OpenGL/Qt6OpenGLTargets.cmake",
		"C:/Qt/6.7.0/mingw_64/lib/cmake/Qt6OpenGL/Qt6OpenGLTargets-relwithdebinfo.cmake",
		"C:/Qt/6.7.0/mingw_64/lib/cmake/Qt6OpenGL/Qt6OpenGLAdditionalTargetInfo.cmake",
		"C:/Qt/6.7.0/mingw_64/lib/cmake/Qt6OpenGL/Qt6OpenGLVersionlessTargets.cmake",
		"C:/Qt/6.7.0/mingw_64/lib/cmake/Qt6OpenGLWidgets/Qt6OpenGLWidgetsConfigVersion.cmake",
		"C:/Qt/6.7.0/mingw_64/lib/cmake/Qt6OpenGLWidgets/Qt6OpenGLWidgetsConfigVersionImpl.cmake",
		"C:/Qt/6.7.0/mingw_64/lib/cmake/Qt6OpenGLWidgets/Qt6OpenGLWidgetsConfig.cmake",
		"C:/Qt/Tools/CMake_64/share/cmake-3.27/Modules/CMakeFindDependencyMacro.cmake",
		"C:/Qt/6.7.0/mingw_64/lib/cmake/Qt6OpenGLWidgets/Qt6OpenGLWidgetsDependencies.cmake",
		"C:/Qt/6.7.0/mingw_64/lib/cmake/Qt6OpenGLWidgets/Qt6OpenGLWidgetsTargets.cmake",
		"C:/Qt/6.7.0/mingw_64/lib/cmake/Qt6OpenGLWidgets/Qt6OpenGLWidgetsTargets-relwithdebinfo.cmake",
		"C:/Qt/6.7.0/mingw_64/lib/cmake/Qt6OpenGLWidgets/Qt6OpenGLWidgetsAdditionalTargetInfo.cmake",
		"C:/Qt/6.7.0/mingw_64/lib/cmake/Qt6OpenGLWidgets/Qt6OpenGLWidgetsVersionlessTargets.cmake",
		"C:/Qt/6.7.0/mingw_64/lib/cmake/Qt6Charts/Qt6ChartsTargets.cmake",
		"C:/Qt/6.7.0/mingw_64/lib/cmake/Qt6Charts/Qt6ChartsTargets-relwithdebinfo.cmake",
		"C:/Qt/6.7.0/mingw_64/lib/cmake/Qt6Charts/Qt6ChartsAdditionalTargetInfo.cmake",
		"C:/Qt/6.7.0/mingw_64/lib/cmake/Qt6Charts/Qt6ChartsVersionlessTargets.cmake",
		"C:/Qt/6.7.0/mingw_64/lib/cmake/Qt6/Qt6ConfigVersion.cmake",
		"C:/Qt/6.7.0/mingw_64/lib/cmake/Qt6/Qt6ConfigVersionImpl.cmake",
		"C:/Qt/6.7.0/mingw_64/lib/cmake/Qt6/Qt6Config.cmake",
		"C:/Qt/6.7.0/mingw_64/lib/cmake/Qt6/Qt6ConfigExtras.cmake",
		"C:/Qt/6.7.0/mingw_64/lib/cmake/Qt6/QtPublicCMakeVersionHelpers.cmake",
		"C:/Qt/6.7.0/mingw_64/lib/cmake/Qt6/Qt6Targets.cmake",
		"C:/Qt/6.7.0/mingw_64/lib/cmake/Qt6/Qt6VersionlessTargets.cmake",
		"C:/Qt/6.7.0/mingw_64/lib/cmake/Qt6/QtFeature.cmake",
		"C:/Qt/Tools/CMake_64/share/cmake-3.27/Modules/CheckCXXCompilerFlag.cmake",
		"C:/Qt/6.7.0/mingw_64/lib/cmake/Qt6/QtFeatureCommon.cmake",
		"C:/Qt/6.7.0/mingw_64/lib/cmake/Qt6/QtPublicAppleHelpers.cmake",
		"C:/Qt/6.7.0/mingw_64/lib/cmake/Qt6/QtPublicCMakeHelpers.cmake",
		"C:/Qt/6.7.0/mingw_64/lib/cmake/Qt6/QtPublicCMakeVersionHelpers.cmake",
		"C:/Qt/6.7.0/mingw_64/lib/cmake/Qt6/QtPublicDependencyHelpers.cmake",
		"C:/Qt/6.7.0/mingw_64/lib/cmake/Qt6/QtPublicExternalProjectHelpers.cmake",
		"C:/Qt/6.7.0/mingw_64/lib/cmake/Qt6/QtPublicFinalizerHelpers.cmake",
		"C:/Qt/6.7.0/mingw_64/lib/cmake/Qt6/QtPublicFindPackageHelpers.cmake",
		"C:/Qt/6.7.0/mingw_64/lib/cmake/Qt6/QtPublicPluginHelpers.cmake",
		"C:/Qt/6.7.0/mingw_64/lib/cmake/Qt6/QtPublicTargetHelpers.cmake",
		"C:/Qt/6.7.0/mingw_64/lib/cmake/Qt6/QtPublicTestHelpers.cmake",
		"C:/Qt/6.7.0/mingw_64/lib/cmake/Qt6/QtPublicToolHelpers.cmake",
		"C:/Qt/6.7.0/mingw_64/lib/cmake/Qt6/QtPublicWalkLibsHelpers.cmake",
		"C:/Qt/Tools/CMake_64/share/cmake-3.27/Modules/CMakeFindDependencyMacro.cmake",
		"C:/Qt/6.7.0/mingw_64/lib/cmake/Qt6/Qt6Dependencies.cmake"
	],
	"CMAKE_SOURCE_DIR" : "C:/_MyFolder_C/Codding/winBuild/app/acs_model_for_experiments",
	"DEP_FILE" : "C:/_MyFolder_C/Codding/winBuild/app/acs_model_for_experiments/build/Desktop_Qt_6_7_0_MinGW_64_bit-Release/ACS_MODEL_autogen/deps",
	"DEP_FILE_RULE_NAME" : "ACS_MODEL_autogen/timestamp",
	"HEADERS" : 
	[
		[
			"C:/_MyFolder_C/Codding/winBuild/app/acs_model_for_experiments/automated_control_system.h",
			"Mu",
			"EWIEGA46WW/moc_automated_control_system.cpp",
			null
		],
		[
			"C:/_MyFolder_C/Codding/winBuild/app/acs_model_for_experiments/automated_control_system_element_interface.h",
			"Mu",
			"EWIEGA46WW/moc_automated_control_system_element_interface.cpp",
			null
		],
		[
			"C:/_MyFolder_C/Codding/winBuild/app/acs_model_for_experiments/chartwidgetfactory.h",
			"Mu",
			"EWIEGA46WW/moc_chartwidgetfactory.cpp",
			null
		],
		[
			"C:/_MyFolder_C/Codding/winBuild/app/acs_model_for_experiments/container_analyzer.h",
			"Mu",
			"EWIEGA46WW/moc_container_analyzer.cpp",
			null
		],
		[
			"C:/_MyFolder_C/Codding/winBuild/app/acs_model_for_experiments/controlled_process.h",
			"Mu",
			"EWIEGA46WW/moc_controlled_process.cpp",
			null
		],
		[
			"C:/_MyFolder_C/Codding/winBuild/app/acs_model_for_experiments/dc_source.h",
			"Mu",
			"EWIEGA46WW/moc_dc_source.cpp",
			null
		],
		[
			"C:/_MyFolder_C/Codding/winBuild/app/acs_model_for_experiments/default_configuration_setter.h",
			"Mu",
			"EWIEGA46WW/moc_default_configuration_setter.cpp",
			null
		],
		[
			"C:/_MyFolder_C/Codding/winBuild/app/acs_model_for_experiments/experiment_executor.h",
			"Mu",
			"EWIEGA46WW/moc_experiment_executor.cpp",
			null
		],
		[
			"C:/_MyFolder_C/Codding/winBuild/app/acs_model_for_experiments/generative_algorithm.h",
			"Mu",
			"EWIEGA46WW/moc_generative_algorithm.cpp",
			null
		],
		[
			"C:/_MyFolder_C/Codding/winBuild/app/acs_model_for_experiments/gradient_method.h",
			"Mu",
			"EWIEGA46WW/moc_gradient_method.cpp",
			null
		],
		[
			"C:/_MyFolder_C/Codding/winBuild/app/acs_model_for_experiments/mainwindow.h",
			"Mu",
			"EWIEGA46WW/moc_mainwindow.cpp",
			null
		],
		[
			"C:/_MyFolder_C/Codding/winBuild/app/acs_model_for_experiments/reference_signal_definder_static.h",
			"Mu",
			"EWIEGA46WW/moc_reference_signal_definder_static.cpp",
			null
		],
		[
			"C:/_MyFolder_C/Codding/winBuild/app/acs_model_for_experiments/registrator.h",
			"Mu",
			"EWIEGA46WW/moc_registrator.cpp",
			null
		],
		[
			"C:/_MyFolder_C/Codding/winBuild/app/acs_model_for_experiments/regulator.h",
			"Mu",
			"EWIEGA46WW/moc_regulator.cpp",
			null
		],
		[
			"C:/_MyFolder_C/Codding/winBuild/app/acs_model_for_experiments/regulator_tuner.h",
			"Mu",
			"EWIEGA46WW/moc_regulator_tuner.cpp",
			null
		],
		[
			"C:/_MyFolder_C/Codding/winBuild/app/acs_model_for_experiments/timerapp.h",
			"Mu",
			"EWIEGA46WW/moc_timerapp.cpp",
			null
		],
		[
			"C:/_MyFolder_C/Codding/winBuild/app/acs_model_for_experiments/tkachpavlo2001lib/tkachpavlo2001lib.hpp",
			"Mu",
			"AZAW4IPRDV/moc_tkachpavlo2001lib.cpp",
			null
		]
	],
	"HEADER_EXTENSIONS" : [ "h", "hh", "h++", "hm", "hpp", "hxx", "in", "txx" ],
	"INCLUDE_DIR" : "C:/_MyFolder_C/Codding/winBuild/app/acs_model_for_experiments/build/Desktop_Qt_6_7_0_MinGW_64_bit-Release/ACS_MODEL_autogen/include",
	"MOC_COMPILATION_FILE" : "C:/_MyFolder_C/Codding/winBuild/app/acs_model_for_experiments/build/Desktop_Qt_6_7_0_MinGW_64_bit-Release/ACS_MODEL_autogen/mocs_compilation.cpp",
	"MOC_DEFINITIONS" : 
	[
		"MINGW_HAS_SECURE_API=1",
		"QT_CHARTS_LIB",
		"QT_CORE_LIB",
		"QT_GUI_LIB",
		"QT_NEEDS_QMAIN",
		"QT_NO_DEBUG",
		"QT_OPENGLWIDGETS_LIB",
		"QT_OPENGL_LIB",
		"QT_WIDGETS_LIB",
		"UNICODE",
		"WIN32",
		"WIN64",
		"_ENABLE_EXTENDED_ALIGNED_STORAGE",
		"_UNICODE",
		"_WIN64"
	],
	"MOC_DEPEND_FILTERS" : 
	[
		[
			"Q_PLUGIN_METADATA",
			"[\n][ \t]*Q_PLUGIN_METADATA[ \t]*\\([^\\)]*FILE[ \t]*\"([^\"]+)\""
		]
	],
	"MOC_INCLUDES" : 
	[
		"C:/Qt/6.7.0/mingw_64/include/QtCharts",
		"C:/Qt/6.7.0/mingw_64/include",
		"C:/Qt/6.7.0/mingw_64/include/QtCore",
		"C:/Qt/6.7.0/mingw_64/include/QtGui",
		"C:/Qt/6.7.0/mingw_64/include/QtWidgets",
		"C:/Qt/6.7.0/mingw_64/include/QtOpenGL",
		"C:/Qt/6.7.0/mingw_64/include/QtOpenGLWidgets",
		"C:/Qt/6.7.0/mingw_64/mkspecs/win32-g++",
		"C:/Qt/Tools/mingw1120_64/lib/gcc/x86_64-w64-mingw32/11.2.0/include/c++",
		"C:/Qt/Tools/mingw1120_64/lib/gcc/x86_64-w64-mingw32/11.2.0/include/c++/x86_64-w64-mingw32",
		"C:/Qt/Tools/mingw1120_64/lib/gcc/x86_64-w64-mingw32/11.2.0/include/c++/backward",
		"C:/Qt/Tools/mingw1120_64/lib/gcc/x86_64-w64-mingw32/11.2.0/include",
		"C:/Qt/Tools/mingw1120_64/lib/gcc/x86_64-w64-mingw32/11.2.0/include-fixed",
		"C:/Qt/Tools/mingw1120_64/x86_64-w64-mingw32/include"
	],
	"MOC_MACRO_NAMES" : 
	[
		"Q_OBJECT",
		"Q_GADGET",
		"Q_NAMESPACE",
		"Q_NAMESPACE_EXPORT",
		"Q_GADGET_EXPORT",
		"Q_ENUM_NS"
	],
	"MOC_OPTIONS" : [],
	"MOC_PATH_PREFIX" : false,
	"MOC_PREDEFS_CMD" : 
	[
		"C:/Qt/Tools/mingw1120_64/bin/g++.exe",
		"-std=gnu++17",
		"-dM",
		"-E",
		"-c",
		"C:/Qt/Tools/CMake_64/share/cmake-3.27/Modules/CMakeCXXCompilerABI.cpp"
	],
	"MOC_PREDEFS_FILE" : "C:/_MyFolder_C/Codding/winBuild/app/acs_model_for_experiments/build/Desktop_Qt_6_7_0_MinGW_64_bit-Release/ACS_MODEL_autogen/moc_predefs.h",
	"MOC_RELAXED_MODE" : false,
	"MOC_SKIP" : [],
	"MULTI_CONFIG" : false,
	"PARALLEL" : 3,
	"PARSE_CACHE_FILE" : "C:/_MyFolder_C/Codding/winBuild/app/acs_model_for_experiments/build/Desktop_Qt_6_7_0_MinGW_64_bit-Release/CMakeFiles/ACS_MODEL_autogen.dir/ParseCache.txt",
	"QT_MOC_EXECUTABLE" : "C:/Qt/6.7.0/mingw_64/./bin/moc.exe",
	"QT_UIC_EXECUTABLE" : "",
	"QT_VERSION_MAJOR" : 6,
	"QT_VERSION_MINOR" : 7,
	"SETTINGS_FILE" : "C:/_MyFolder_C/Codding/winBuild/app/acs_model_for_experiments/build/Desktop_Qt_6_7_0_MinGW_64_bit-Release/CMakeFiles/ACS_MODEL_autogen.dir/AutogenUsed.txt",
	"SOURCES" : 
	[
		[
			"C:/_MyFolder_C/Codding/winBuild/app/acs_model_for_experiments/automated_control_system.cpp",
			"Mu",
			null
		],
		[
			"C:/_MyFolder_C/Codding/winBuild/app/acs_model_for_experiments/automated_control_system_element_interface.cpp",
			"Mu",
			null
		],
		[
			"C:/_MyFolder_C/Codding/winBuild/app/acs_model_for_experiments/chartwidgetfactory.cpp",
			"Mu",
			null
		],
		[
			"C:/_MyFolder_C/Codding/winBuild/app/acs_model_for_experiments/container_analyzer.cpp",
			"Mu",
			null
		],
		[
			"C:/_MyFolder_C/Codding/winBuild/app/acs_model_for_experiments/controlled_process.cpp",
			"Mu",
			null
		],
		[
			"C:/_MyFolder_C/Codding/winBuild/app/acs_model_for_experiments/dc_source.cpp",
			"Mu",
			null
		],
		[
			"C:/_MyFolder_C/Codding/winBuild/app/acs_model_for_experiments/default_configuration_setter.cpp",
			"Mu",
			null
		],
		[
			"C:/_MyFolder_C/Codding/winBuild/app/acs_model_for_experiments/experiment_executor.cpp",
			"Mu",
			null
		],
		[
			"C:/_MyFolder_C/Codding/winBuild/app/acs_model_for_experiments/fitness_function.cpp",
			"Mu",
			null
		],
		[
			"C:/_MyFolder_C/Codding/winBuild/app/acs_model_for_experiments/main.cpp",
			"Mu",
			null
		],
		[
			"C:/_MyFolder_C/Codding/winBuild/app/acs_model_for_experiments/mainwindow.cpp",
			"Mu",
			null
		],
		[
			"C:/_MyFolder_C/Codding/winBuild/app/acs_model_for_experiments/reference_signal_definder_static.cpp",
			"Mu",
			null
		],
		[
			"C:/_MyFolder_C/Codding/winBuild/app/acs_model_for_experiments/registrator.cpp",
			"Mu",
			null
		],
		[
			"C:/_MyFolder_C/Codding/winBuild/app/acs_model_for_experiments/regulator.cpp",
			"Mu",
			null
		],
		[
			"C:/_MyFolder_C/Codding/winBuild/app/acs_model_for_experiments/regulator_tuner.cpp",
			"Mu",
			null
		],
		[
			"C:/_MyFolder_C/Codding/winBuild/app/acs_model_for_experiments/timerapp.cpp",
			"Mu",
			null
		]
	],
	"VERBOSITY" : 0
}
